predator	prey	Robustness
1.0	1.0	-34.56725
1.0	50.5	-18.009182
1.0	100.0	-18.850346
50.5	1.0	-19.198997
50.5	50.5	-9.73011
50.5	100.0	15.875076
100.0	1.0	-22.189083
100.0	50.5	15.529078
100.0	100.0	21.686539
